alternateName,emailAddress,givenName,familyName,jobTitle,imageFile
scott.williams,scott.williams@foo.xyz,Scott,Williams,Student,personas/persona-290x290.jpg
anna.bailey,anna.bailey@foo.xyz,Anna,Bailey,Student,personas/persona-290x290.jpg
darrell.allen,darrell.allen@foo.xyz,Darrell,Allen,Content Author,personas/persona-290x290.jpg
marie.andrews,marie.andrews@foo.xyz,Marie,Andrews,Content Approver,personas/persona-290x290.png
